{"ab:330101":[52.45282,-113.97937],"ab:permit:331055:Aster%20Lake":[50.65608,-115.13418],"ab:330145":[52.39572,-116.07123],"ab:330290":[49.40974,-114.12137],"ab:330126":[54.76114,-111.90254],"ab:permit:331052:Big%20Elbow":[50.94743,-115.01351],"ab:permit:331052:Big%20Elbow%20Equestrian":[50.94743,-115.01351],"ab:330149":[52.61454,-116.32725],"ab:330258":[51.07234,-115.10018],"ab:330152":[52.9679,-115.59682],"ab:330157":[52.98202,-114.72923],"ab:330102":[54.30139,-115.64815],"ab:330291":[49.44205,-114.38215],"ab:330262":[50.28809,-114.58147],"ab:330292":[50.21626,-114.19431],"ab:330293":[49.66976,-114.60516],"ab:330115":[50.81276,-114.82198],"ab:330128":[54.65645,-110.07341],"ab:330159":[52.38659,-116.35781],"ab:330104":[52.45775,-115.04504],"ab:330129":[54.65255,-113.81813],"ab:330323":[55.79533,-112.18094],"ab:330135":[49.63343,-110.14929],"ab:330105":[52.56853,-110.04113],"ab:330136":[50.74711,-111.46765],"ab:330324":[55.92298,-118.59692],"ab:330116":[50.86545,-114.79434],"ab:permit:331052:Elbow%20Lake":[50.94743,-115.01351],"ab:330266":[50.88375,-114.7057],"ab:330326":[54.57663,-110.21849],"ab:330268":[50.33104,-114.62742],"ab:330165":[52.45479,-116.1435],"ab:permit:331055:Forks":[50.65608,-115.13418],"ab:330330":[54.25593,-111.00813],"ab:330332":[54.18368,-111.74617],"ab:330272":[51.39686,-115.03037],"ab:330167":[52.05781,-114.20879],"ab:330168":[52.44644,-116.18823],"ab:330169":[52.11752,-110.76275],"ab:330120":[50.91383,-114.63332],"ab:331750":[56.48291,-111.19613],"ab:330276":[50.40063,-114.54173],"ab:330133":[53.6394,-112.48217],"ab:330295":[50.02791,-114.54444],"ab:330277":[50.24224,-114.36296],"ab:330173":[52.50279,-115.56935],"ab:330106":[52.34525,-114.08285],"ab:permit:331051:Jewell%20Bay":[51.01346,-115.23765],"ab:permit:331051:Jewell%20Bay%20Equestrian":[51.01346,-115.23765],"ab:330137":[50.44,-111.90279],"ab:330174":[52.06108,-116.42294],"ab:330345":[54.73311,-111.37335],"ab:330134":[55.44336,-114.81279],"ab:permit:331053:Lillian%20Lake":[51.08249,-115.34256],"ab:330298":[50.23035,-112.92827],"ab:330299":[50.19846,-112.65965],"ab:330122":[50.79592,-114.85688],"ab:330130":[54.43455,-112.7699],"ab:330305":[49.58595,-114.19975],"ab:330348":[56.36822,-111.28319],"ab:330123":[50.88856,-114.67843],"ab:330178":[53.30528,-117.27299],"ab:330179":[52.75134,-114.74289],"ab:330280":[50.76313,-114.56629],"ab:330180":[53.35766,-116.04086],"ab:330107":[53.25023,-112.86524],"ab:330356":[55.88345,-119.22296],"ab:330357":[54.26613,-110.93314],"ab:permit:331052:Mount%20Romulus":[50.94743,-115.01351],"ab:permit:331052:Mount%20Romulus%20Equestrian":[50.94743,-115.01351],"ab:330358":[54.53985,-118.62627],"ab:331850":[54.65764,-112.52859],"ab:330307":[49.58603,-113.94942],"ab:330308":[49.94915,-114.43671],"ab:330309":[49.71903,-113.45088],"ab:330310":[49.80384,-112.91951],"ab:330311":[49.1051,-113.63593],"ab:330108":[53.60901,-114.99141],"ab:330124":[50.6809,-115.1941],"ab:330109":[53.90604,-118.5946],"ab:330110":[53.02589,-114.13121],"ab:330282":[51.04029,-114.77206],"ab:permit:331055:Point":[50.65608,-115.13418],"ab:330312":[49.00591,-113.46519],"ab:330188":[52.24708,-115.30706],"ab:permit:331051:Quaite%20Valley":[51.01346,-115.23765],"ab:330363":[56.21846,-117.69535],"ab:330189":[52.08897,-115.84158],"ab:330111":[51.94826,-114.24386],"ab:permit:331053:Ribbon%20Falls":[51.08249,-115.34256],"ab:permit:331053:Ribbon%20Lake":[51.08249,-115.34256],"ab:permit:331054:Rummel%20Lake%20Winter":[50.91873,-115.19105],"ab:330142":[55.20506,-119.08633],"ab:330125":[50.6449,-114.68334],"ab:330196":[52.48123,-115.75545],"ab:330284":[51.04521,-114.8613],"ab:330131":[54.82816,-111.97554],"ab:330199":[52.432,-116.25282],"ab:330314":[49.36924,-113.11031],"ab:330286":[51.03473,-115.02245],"ab:330233":[52.26268,-115.17415],"ab:330239":[52.00808,-116.62851],"ab:permit:331055:Three%20Isle%20Lake":[50.65608,-115.13418],"ab:330240":[54.12905,-114.72092],"ab:330138":[50.53719,-111.81327],"ab:permit:331052:Tombstone":[50.94743,-115.01351],"ab:permit:331052:Tombstone%20Equestrian":[50.94743,-115.01351],"ab:permit:331055:Turbine%20Canyon":[50.65608,-115.13418],"ab:330241":[53.36498,-110.93265],"ab:330242":[53.56306,-114.46082],"ab:333460":[51.36216,-114.98292],"ab:330244":[54.75133,-117.21556],"ab:330316":[49.32932,-113.68799],"ab:330246":[53.37843,-116.78406],"ab:330132":[53.85593,-110.54616],"ab:330252":[53.52189,-117.9522],"ab:330112":[53.52374,-117.80363],"ab:330800":[50.66451,-115.1266],"ab:330372":[55.08156,-117.55986],"ab:330373":[55.64226,-116.70578],"ab:330317":[49.17923,-113.19075],"ab:330139":[49.1058,-111.8724],"ab:330318":[50.82942,-113.45233],"ab:330141":[55.14223,-117.5902],"bc:-2147483648_-2147483361":[49.03299,-114.17807],"bc:-2147483647_-2147483648":[49.7822,-123.11749],"bc:-2147483497_-2147483306":[49.68248,-120.60315],"bc:-2147483646_-2147483643":[48.60592,-123.52678],"bc:-2147483645_-2147483641":[49.92884,-119.5168],"bc:-2147483644_-2147483637":[56.32624,-120.94328],"bc:-2147483643_-2147483636":[54.05728,-124.61577],"bc:-2147483493_-2147483271":[49.06154,-117.6116],"bc:-2147483642_-2147483635":[53.06721,-119.18872],"bc:-2147483641_-2147483634":[51.31104,-121.81453],"bc:-2147483640_-2147483631":[50.57809,-122.7418],"bc:-2147483639_-2147483630":[50.83295,-118.08301],"bc:-2147483638_-2147483362":[53.17402,-121.01121],"bc:-2147483636_-2147483624":[49.41407,-120.26237],"bc:-2147483634_-2147483367":[50.83186,-128.13374],"bc:-2147483632_-2147483623":[54.72096,-123.44709],"bc:-2147483630_-2147483276":[49.0818,-120.15629],"bc:-2147483629_-2147483622":[49.18409,-117.62386],"bc:-2147483628_-2147483620":[56.30819,-120.99506],"bc:-2147483626_-2147483613":[49.17105,-119.10173],"bc:-2147483625_-2147483612":[48.78025,-123.91743],"bc:-2147483624_-2147483611":[54.47323,-122.67132],"bc:-2147483623_-2147483610":[49.0459,-121.97777],"bc:-2147483621_-2147483355":[49.00737,-123.57406],"bc:-2147483619_-2147483603":[50.58602,-116.0356],"bc:-2147483618_-2147483601":[49.11451,-120.85655],"bc:-2147483617_-2147483593":[50.03722,-125.33248],"bc:-2147483616_-2147483352":[50.48066,-115.08901],"bc:-2147483615_-2147483591":[50.1751,-119.43415],"bc:-2147483614_-2147483589":[49.24728,-124.35168],"bc:-2147483613_-2147483588":[49.54357,-124.76203],"bc:-2147483612_-2147483586":[50.13023,-119.54114],"bc:-2147483610_-2147483581":[48.39273,-123.94263],"bc:-2147483609_-2147483578":[49.96337,-122.67037],"bc:-2147483607_-2147483577":[49.22833,-118.26467],"bc:-2147483606_-2147483576":[49.49973,-122.45012],"bc:-2147483605_-2147483570":[48.47185,-123.55508],"bc:-2147483604_-2147483566":[48.83432,-124.19831],"bc:-2147483498_-2147483302":[55.41521,-121.29078],"bc:-2147483601_-2147483557":[50.7906,-119.20335],"bc:-2147483600_-2147483555":[52.38903,-121.28703],"bc:-2147483599_-2147483554":[49.95155,-124.47942],"bc:-2147483503_-2147483311":[49.48273,-115.84098],"bc:-2147483597_-2147483548":[50.34414,-122.47785],"bc:-2147483596_-2147483547":[48.48058,-124.25393],"bc:-2147483595_-2147483545":[50.78626,-121.08252],"bc:-2147483594_-2147483542":[50.18403,-119.3387],"bc:-2147483593_-2147483541":[49.90853,-120.56691],"bc:-2147483592_-2147483538":[49.10947,-118.98043],"bc:-2147483591_-2147483534":[49.23833,-115.25672],"bc:-2147483590_-2147483529":[54.59767,-128.39618],"bc:-2147483589_-2147483528":[49.60782,-117.12288],"bc:-2147483588_-2147483346":[49.78173,-117.13616],"bc:-2147483586_-2147483518":[51.85822,-121.63719],"bc:-2147483585_-2147483516":[50.48022,-120.47133],"bc:-2147483584_-2147483515":[54.40966,-128.53381],"bc:-2147483583_-2147483511":[59.41988,-126.08983],"bc:-2147483582_-2147483510":[49.2934,-124.59867],"bc:-2147483502_-2147483309":[49.50872,-116.78696],"bc:-2147483581_-2147483507":[50.05018,-125.44684],"bc:-2147483580_-2147483506":[50.45896,-118.72581],"bc:-2147483579_-2147483345":[50.20645,-125.20982],"bc:-2147483578_-2147483502":[51.14855,-118.20196],"bc:-2147483577_-2147483499":[50.14421,-117.80747],"bc:-2147483576_-2147483495":[56.0879,-129.30585],"bc:-2147483575_-2147483492":[49.84795,-125.09807],